CONTEXTID,Y,C
MET4-CUMV3E_A_KFCSC.15,86.49311111,
MET2-CUMV1E_A_KCHKY.02,86.40155556,
MET5-CUMV4E_A_KCSJT.02,86.45533333,
MET4-CUMV3E_A_KCLTC.18,87.08633333,
MET5-CUMV4E_A_KCTPF.08,86.87055556,
MET2-CUMV1E_A_KCYTS.15,86.39,
MET2-CUMV1E_A_KCKGM.08,87.051,
MET5-CUMV4E_A_KANTA.08,85.89433333,
MET4-CUMV3E_A_KCPWR.25,86.35655556,
MET4-CUMV3E_A_KFHAS.25,85.57466667,
MET2-CUMV1E_A_KCWAA.25,85.72877778,
MET5-CUMV4E_A_KFKAF.15,87.26866667,
MET2-CUMV1E_A_KCJAN.02,87.041,
MET3-CUMV2E_A_KAMCC.09,86.48566667,
MET2-CUMV1E_A_KFKCY.15,86.78722222,
MET4-CUMV3E_A_KFKCY.02,86.33011111,
MET2-CUMV1E_A_KCQSQ.02,86.255,
MET4-CUMV3E_A_KCMJR.02,86.38144444,
MET4-CUMV3E_A_KCPNR.25,87.10366667,
MET2-CUMV1E_A_KCPYC.24,86.60177778,
MET4-CUMV3E_A_KFKGY.15,85.693,
MET4-CUMV3E_A_KARSH.25,85.39633333,
MET2-CUMV1E_A_KALGR.15,85.855,
MET3-CUMV2E_A_KCFFT.04,87.92766667,
MET2-CUMV1E_A_KFCLL.08,86.46422222,
MET5-CUMV4E_A_KCLKY.08,86.96977778,
MET3-CUMV2E_A_KFKFJ.02,86.83422222,
MET2-CUMV1E_A_KASJR.25,86.09544444,
MET3-CUMV2E_A_KFCSF.12,86.94966667,
MET2-CUMV1E_A_KAWTC.04,86.80444444,
MET5-CUMV4E_A_KCQQG.01,87.891,
MET5-CUMV4E_A_KCWCH.15,86.96177778,
MET2-CUMV1E_A_KARMY.25,86.91266667,
MET4-CUMV3E_A_KCNNT.02,87.29755556,
MET5-CUMV4E_A_KCJLY.25,86.98122222,
MET5-CUMV4E_A_KCSJN.15,86.97,
MET5-CUMV4E_A_KCQCH.01,86.94955556,
MET4-CUMV3E_A_KCYTQ.25,86.58622222,
MET2-CUMV1E_A_KCTYJ.15,86.71322222,
MET2-CUMV1E_A_KCRPL.08,87.02288889,
MET5-CUMV4E_A_KCPKR.25,87.15733333,
MET3-CUMV2E_A_KFLHM.25,86.76333333,
MET5-CUMV4E_A_KFAJA.02,86.75911111,
MET2-CUMV1E_A_KCWGW.08,86.62566667,
MET2-CUMV1E_A_KCWGT.08,86.04933333,
MET2-CUMV1E_A_KCTLT.15,85.77955556,
MET3-CUMV2E_A_KCPAL.08,86.95888889,
MET2-CUMV1E_A_KFKCY.25,86.67433333,
MET5-CUMV4E_A_KFJWP.10,87.13677778,
MET5-CUMV4E_A_KAPPY.15,85.54433333,
MET2-CUMV1E_A_KAWLM.08,86.13333333,
MET2-CUMV1E_A_KCHKL.02,86.73166667,
MET2-CUMV1E_A_KCSRR.25,86.00377778,
MET3-CUMV2E_A_KCPNA.15,86.62577778,
MET5-CUMV4E_A_KARCT.25,85.81111111,
MET4-CUMV3E_A_KCALQ.07,87.441,
MET2-CUMV1E_A_KCTLT.25,85.91266667,
MET4-CUMV3E_A_KASYJ.08,87.205,
MET2-CUMV1E_A_KAPAP.08,86.53366667,
MET3-CUMV2E_A_KFHHM.08,86.93911111,
MET4-CUMV3E_A_KAYAY.25,86.789,
MET2-CUMV1E_A_KCSRJ.02,86.448,
MET2-CUMV1E_A_KALAL.25,86.49555556,
MET5-CUMV4E_A_KCSCS.15,87.16222222,
MET5-CUMV4E_A_KCMCL.01,87.92977778,
MET2-CUMV1E_A_KALGG.08,86.07577778,
MET3-CUMV2E_A_KCPAL.15,86.68033333,
MET5-CUMV4E_A_KAKCS.08,85.62055556,
MET5-CUMV4E_A_KAWTP.02,85.77433333,
MET3-CUMV2E_A_KCMJT.02,86.42866667,
MET2-CUMV1E_A_KFHAF.02,86.98044444,
MET3-CUMV2E_A_KAKNY.25,85.44344444,
MET2-CUMV1E_A_KCPYC.12,86.10611111,
MET5-CUMV4E_A_KFKMS.02,86.16977778,
MET4-CUMV3E_A_KCALQ.02,87.05688889,
MET5-CUMV4E_A_KCPRW.15,87.17755556,
MET4-CUMV3E_A_KCNYW.08,87.62388889,
MET3-CUMV2E_A_KCPKH.08,86.88388889,
MET4-CUMV3E_A_KFHMT.02,85.784,
MET2-CUMV1E_A_KCTTC.10,86.07155556,
MET5-CUMV4E_A_KYR4L.08,85.55211111,
MET3-CUMV2E_A_KFJYG.15,86.80633333,
MET4-CUMV3E_A_KFKCY.25,86.29488889,
MET5-CUMV4E_A_KAKKH.15,85.60333333,
MET2-CUMV1E_A_KCQPY.02,86.577,
MET4-CUMV3E_A_KARSH.15,85.10788889,
MET3-CUMV2E_A_KAKYS.02,86.52477778,
MET4-CUMV3E_A_KCPSC.09,86.67822222,
MET5-CUMV4E_A_KCMTM.08,85.96911111,
MET5-CUMV4E_A_KFCWR.02,86.34711111,
MET3-CUMV2E_A_KAQQW.25,86.39644444,
MET4-CUMV3E_A_KCTYQ.13,86.52388889,
MET4-CUMV3E_A_KFGTP.02,86.46955556,
MET2-CUMV1E_A_KFJAM.02,86.61655556,
MET3-CUMV2E_A_KCRKQ.23,86.62411111,
MET3-CUMV2E_A_KAMCC.17,86.41866667,
MET4-CUMV3E_A_KFKMT.15,86.20133333,
MET4-CUMV3E_A_KFGTP.15,86.27633333,
MET4-CUMV3E_A_KCLTC.09,87.27211111,
MET4-CUMV3E_A_KCRHC.23,87.23866667,
MET4-CUMV3E_A_KCATT.02,86.49388889,
MET2-CUMV1E_A_KAWLM.02,86.27211111,
MET5-CUMV4E_A_KCMJT.15,86.598,
MET3-CUMV2E_A_KASFJ.15,86.34833333,
MET3-CUMV2E_A_KFAFL.25,86.61355556,
MET3-CUMV2E_A_KARFH.25,86.71822222,
MET3-CUMV2E_A_KCQSQ.04,86.79188889,
MET4-CUMV3E_A_KFCSC.25,86.67188889,
MET3-CUMV2E_A_KFHMJ.14,86.97566667,
MET4-CUMV3E_A_KCNNP.25,86.857,
MET2-CUMV1E_A_KCKWP.02,87.06144444,
MET4-CUMV3E_A_KAJTS.25,85.82011111,
MET5-CUMV4E_A_KCJLY.15,87.47755556,
MET2-CUMV1E_A_KCWGW.25,86.12044444,
MET2-CUMV1E_A_KFCPC.25,86.59522222,
MET4-CUMV3E_A_KCHSK.01,86.80144444,
MET2-CUMV1E_A_KCTPC.19,86.16055556,
MET4-CUMV3E_A_KCQMJ.15,86.96555556,
MET4-CUMV3E_A_KARRA.02,87.03966667,
MET4-CUMV3E_A_KFKNR.25,86.75788889,
MET4-CUMV3E_A_KCWTY.23,87.25722222,
MET4-CUMV3E_A_KCQTC.11,85.70388889,
MET5-CUMV4E_A_KCQSW.08,86.08733333,
MET5-CUMV4E_A_KCMJT.03,86.94166667,
MET4-CUMV3E_A_KATLG.08,86.11555556,
MET4-CUMV3E_A_KAPLW.25,85.96544444,
MET4-CUMV3E_A_KAJQJ.15,85.94844444,
MET2-CUMV1E_A_KAWLM.15,85.95688889,
MET2-CUMV1E_A_KAQCA.13,86.97522222,
MET4-CUMV3E_A_KFGTP.25,86.40044444,
MET3-CUMV2E_A_KFLHM.02,86.50188889,
MET2-CUMV1E_A_KCTTC.20,86.46877778,
MET2-CUMV1E_A_KCTKA.15,86.51188889,
MET5-CUMV4E_A_KCQQG.08,87.843,
MET2-CUMV1E_A_KCRPL.15,86.67011111,
MET4-CUMV3E_A_KCCRP.08,87.12633333,
MET5-CUMV4E_A_KCQTK.08,86.96555556,
MET4-CUMV3E_A_KCQTC.16,85.91422222,
MET5-CUMV4E_A_KCSJT.01,86.92944444,
MET5-CUMV4E_A_KCSRF.15,87.13666667,
MET4-CUMV3E_A_KCRHC.24,87.14666667,
MET5-CUMV4E_A_KCTPF.02,86.59277778,
MET2-CUMV1E_A_KALFL.07,85.67655556,
MET2-CUMV1E_A_KASFF.15,86.49911111,
MET4-CUMV3E_A_KCSJH.02,87.13377778,
MET2-CUMV1E_A_KFCLL.15,86.61555556,
MET3-CUMV2E_A_KAQQQ.05,85.91377778,
MET4-CUMV3E_A_KATLG.02,86.18866667,
MET2-CUMV1E_A_KCHKL.08,86.58244444,
MET3-CUMV2E_A_KFCHT.08,86.82122222,
MET3-CUMV2E_A_KCTPN.02,86.80622222,
MET5-CUMV4E_A_KCHRP.08,86.68711111,
MET2-CUMV1E_A_KALGG.01,85.75533333,
MET2-CUMV1E_A_KCSQY.25,86.888,
MET4-CUMV3E_A_KCMJR.25,86.76255556,
MET3-CUMV2E_A_KAWLA.15,87.63522222,
MET5-CUMV4E_A_KCTPG.08,87.89511111,
MET5-CUMV4E_A_KFGTM.19,87.16833333,
MET4-CUMV3E_A_KFKMT.08,86.26988889,
MET5-CUMV4E_A_KCQSW.02,86.24711111,
MET2-CUMV1E_A_KCYTG.25,86.774,
MET3-CUMV2E_A_KCYHS.08,86.87444444,
MET4-CUMV3E_A_KCSYW.02,86.41433333,
MET4-CUMV3E_A_KAGMH.15,85.92388889,
MET4-CUMV3E_A_KFKFJ.15,86.22055556,
MET3-CUMV2E_A_KCYTG.08,86.44411111,
MET3-CUMV2E_A_KARCN.08,86.298,
MET3-CUMV2E_A_KCYHS.02,86.97377778,
MET4-CUMV3E_A_KAQWY.01,86.38488889,
MET5-CUMV4E_A_KCTYJ.02,86.94855556,
MET4-CUMV3E_A_KCWTY.13,87.43555556,
MET3-CUMV2E_A_KAWMF.15,86.35355556,
MET2-CUMV1E_A_KCSYH.08,86.94822222,
MET4-CUMV3E_A_KCTHA.15,87.14355556,
MET5-CUMV4E_A_KFFJM.15,86.47133333,
MET4-CUMV3E_A_KCWAS.25,87.20233333,
MET3-CUMV2E_A_KAQAW.25,86.77711111,
MET3-CUMV2E_A_KCLWQ.08,86.29555556,
MET2-CUMV1E_A_KAKCY.02,86.33044444,
MET3-CUMV2E_A_KFHMS.02,87.03244444,
MET3-CUMV2E_A_KCCRL.25,87.29466667,
MET4-CUMV3E_A_KAQWY.02,86.08288889,
MET5-CUMV4E_A_KFCWR.08,86.41777778,
MET2-CUMV1E_A_KCYPR.02,85.992,
MET2-CUMV1E_A_KCKWP.15,86.86844444,
MET5-CUMV4E_A_KCLGC.08,87.09888889,
MET4-CUMV3E_A_KCPRP.08,87.26044444,
MET2-CUMV1E_A_KFLWC.23,86.966,
MET3-CUMV2E_A_KCTPN.15,86.50366667,
MET2-CUMV1E_A_KCPKT.02,86.41833333,
MET4-CUMV3E_A_KFAHN.25,86.85166667,
MET5-CUMV4E_A_KCMCL.02,87.233,
MET4-CUMV3E_A_KCPSC.20,86.62511111,
MET4-CUMV3E_A_KAKKF.02,85.85744444,
MET2-CUMV1E_A_KCSYH.15,86.63088889,
MET3-CUMV2E_A_KFHCH.15,86.92988889,
MET5-CUMV4E_A_KAWTP.08,85.88855556,
MET5-CUMV4E_A_KCPKK.25,86.891,
MET5-CUMV4E_A_KCQQG.03,87.58677778,
MET2-CUMV1E_A_KCNNN.02,86.07977778,
MET2-CUMV1E_A_KAMRS.25,86.46388889,
MET5-CUMV4E_A_KCNNR.02,87.49355556,
MET4-CUMV3E_A_KFGTP.08,86.69077778,
MET2-CUMV1E_A_KCRTC.07,86.464,
MET5-CUMV4E_A_KARWT.25,85.88177778,
MET5-CUMV4E_A_KAKSN.25,85.68866667,
MET2-CUMV1E_A_KCNNN.15,86.06522222,
MET2-CUMV1E_A_KCWJF.11,86.052,
MET3-CUMV2E_A_KARNF.15,86.486,
MET2-CUMV1E_A_KCPKT.25,86.15911111,
MET2-CUMV1E_A_KCNSH.02,86.05544444,
MET3-CUMV2E_A_KAJMF.08,85.58122222,
MET2-CUMV1E_A_KCPGC.16,86.46722222,
MET4-CUMV3E_A_KAWHH.09,85.78055556,
MET5-CUMV4E_A_KAFHH.25,85.31433333,
MET3-CUMV2E_A_KASFJ.09,86.40344444,
MET4-CUMV3E_A_KFAHN.02,86.99577778,
MET3-CUMV2E_A_KCTLS.10,87.87044444,
MET4-CUMV3E_A_KCCRP.11,87.11877778,
MET2-CUMV1E_A_KFFFA.15,86.66855556,
MET4-CUMV3E_A_KARSH.02,85.593,
MET3-CUMV2E_A_KCSML.15,87.18544444,
MET4-CUMV3E_A_KCRPR.15,87.12222222,
MET3-CUMV2E_A_KFHHM.02,87.12866667,
MET2-CUMV1E_A_KANPG.15,85.62422222,
MET4-CUMV3E_A_KCYTQ.15,86.76811111,
MET3-CUMV2E_A_KFHMS.25,86.63288889,
MET4-CUMV3E_A_KCNCL.15,86.701,
MET2-CUMV1E_A_KCKGM.25,86.66555556,
MET2-CUMV1E_A_KAPAP.25,86.33088889,
MET5-CUMV4E_A_KCYJQ.24,86.44188889,
MET5-CUMV4E_A_KAYLK.08,87.996,
MET4-CUMV3E_A_KAJTS.02,86.30266667,
MET2-CUMV1E_A_KCTYJ.02,86.53088889,
MET2-CUMV1E_A_KCQSQ.09,86.604,
MET3-CUMV2E_A_KAPHG.08,86.10533333,
MET3-CUMV2E_A_KAWMF.08,86.339,
MET3-CUMV2E_A_KCANA.25,85.87733333,
MET4-CUMV3E_A_KAQWY.03,85.91522222,
MET5-CUMV4E_A_KAYQT.02,85.801,
MET3-CUMV2E_A_KCQWK.02,85.884,
MET5-CUMV4E_A_KALPP.15,85.92933333,
MET3-CUMV2E_A_KCQMJ.09,86.92422222,
MET4-CUMV3E_A_KAJTS.15,85.74066667,
MET4-CUMV3E_A_KCATT.25,86.79466667,
MET4-CUMV3E_A_KCTYQ.08,86.74444444,
MET2-CUMV1E_A_KASFF.02,86.335,
MET2-CUMV1E_A_KALGR.25,85.73766667,
MET3-CUMV2E_A_KFHHM.25,87.30788889,
MET2-CUMV1E_A_KCPKT.08,86.42711111,
MET4-CUMV3E_A_KFAMG.02,86.68466667,
MET2-CUMV1E_A_KCHTN.15,86.45411111,
MET3-CUMV2E_A_KCQSW.02,85.86766667,
MET5-CUMV4E_A_KCNNS.15,87.33522222,
MET2-CUMV1E_A_KAPAP.02,86.52355556,
MET2-CUMV1E_A_KCPKT.15,86.20133333,
MET4-CUMV3E_A_KCHGF.15,86.06677778,
MET4-CUMV3E_A_KCSJH.08,87.06566667,
MET3-CUMV2E_A_KAQAW.15,86.80722222,
MET2-CUMV1E_A_KFKCY.02,87.36411111,
MET5-CUMV4E_A_KCTYJ.08,86.94122222,
MET5-CUMV4E_A_KCQQA.25,87.09911111,
MET2-CUMV1E_A_KARRQ.17,85.87477778,
MET3-CUMV2E_A_KAHSC.23,86.754,
MET5-CUMV4E_A_KCWGH.03,86.62522222,
MET4-CUMV3E_A_KCHFP.08,85.83755556,
MET4-CUMV3E_A_KCHFP.02,85.839,
MET2-CUMV1E_A_KFHCJ.22,86.61588889,
MET5-CUMV4E_A_KCMTM.25,85.64633333,
MET3-CUMV2E_A_KCPNA.02,86.67033333,
MET3-CUMV2E_A_KCPKH.15,86.82911111,
MET2-CUMV1E_A_KCACY.15,87.32833333,
MET3-CUMV2E_A_KAQAW.09,86.89433333,
MET4-CUMV3E_A_KAMYL.02,86.47033333,
MET2-CUMV1E_A_KFCLM.15,86.65766667,
MET3-CUMV2E_A_KAKNY.15,85.61277778,
MET5-CUMV4E_A_KCTPG.25,87.41966667,
MET2-CUMV1E_A_KALFL.05,85.77577778,
MET5-CUMV4E_A_KCWAH.08,87.77111111,
MET4-CUMV3E_A_KCHFP.25,85.95122222,
MET4-CUMV3E_A_KFCSL.08,86.33233333,
MET3-CUMV2E_A_KASFF.19,86.60788889,
MET2-CUMV1E_A_KCQTA.09,86.86944444,
MET5-CUMV4E_A_KASRM.15,87.31944444,
MET5-CUMV4E_A_KAKCS.02,85.86322222,
MET4-CUMV3E_A_KCALQ.25,86.89088889,
MET2-CUMV1E_A_KCTHF.08,86.23944444,
MET4-CUMV3E_A_KCCCN.08,87.15955556,
MET5-CUMV4E_A_KAJTM.08,85.71566667,
MET2-CUMV1E_A_KFALW.25,86.09777778,
MET5-CUMV4E_A_KCYSY.25,86.34877778,
MET5-CUMV4E_A_KAQWJ.25,85.65622222,
MET3-CUMV2E_A_KFCSF.25,86.84133333,
MET4-CUMV3E_A_KFAMG.15,86.47522222,
MET4-CUMV3E_A_KCAFT.08,85.92166667,
MET3-CUMV2E_A_KCLWQ.15,86.59088889,
MET5-CUMV4E_A_KALSR.08,85.90166667,
MET4-CUMV3E_A_KFKHC.02,86.04533333,
MET5-CUMV4E_A_KCSJN.08,86.88066667,
MET5-CUMV4E_A_KFKFJ.02,86.10611111,
MET3-CUMV2E_A_KFJYS.15,86.65366667,
MET2-CUMV1E_A_KFALW.02,86.21955556,
MET2-CUMV1E_A_KFHCJ.02,86.91655556,
MET5-CUMV4E_A_KCMTM.15,85.83233333,
MET3-CUMV2E_A_KCCJR.15,86.15088889,
MET2-CUMV1E_A_KCRPL.02,86.75511111,
MET3-CUMV2E_A_KALGR.02,85.83366667,
MET4-CUMV3E_A_KFKAJ.15,87.46122222,
MET3-CUMV2E_A_KAWTS.06,87.35288889,
MET3-CUMV2E_A_KCFRC.20,87.211,
MET3-CUMV2E_A_KARFF.25,86.307,
MET5-CUMV4E_A_KCCRN.04,87.89944444,
MET5-CUMV4E_A_KARCT.08,85.87355556,
MET3-CUMV2E_A_KCYTR.02,85.76144444,
MET2-CUMV1E_A_KCSJJ.25,86.67377778,
MET5-CUMV4E_A_KFCCQ.15,86.638,
MET5-CUMV4E_A_KCPKQ.25,87.28011111,
MET5-CUMV4E_A_KCHRP.15,86.82588889,
MET2-CUMV1E_A_KCTAA.02,86.88488889,
MET5-CUMV4E_A_KALPP.25,85.77044444,
MET4-CUMV3E_A_KAKKF.15,85.797,
MET4-CUMV3E_A_KCWAS.15,87.16155556,
MET3-CUMV2E_A_KFKFG.15,86.56055556,
MET2-CUMV1E_A_KYT4Q.03,86.68366667,
MET2-CUMV1E_A_KCTHF.02,86.30666667,
MET5-CUMV4E_A_KAPPY.25,85.86044444,
MET3-CUMV2E_A_KFHHM.15,87.21444444,
MET5-CUMV4E_A_KALSR.12,85.93788889,
MET4-CUMV3E_A_KCATT.15,86.792,
MET5-CUMV4E_A_KFCPL.15,86.99433333,
MET2-CUMV1E_A_KCKWP.25,86.70666667,
MET4-CUMV3E_A_KAWKY.08,86.90355556,
MET3-CUMV2E_A_KAMCC.22,86.30511111,
MET4-CUMV3E_A_KFGYR.08,86.11288889,
MET3-CUMV2E_A_KCYTG.15,86.365,
MET5-CUMV4E_A_KCSQT.15,88.22288889,
MET4-CUMV3E_A_KFCSL.02,86.56966667,
MET2-CUMV1E_A_KFHCJ.08,86.778,
MET3-CUMV2E_A_KARNF.08,86.58566667,
MET3-CUMV2E_A_KCYJY.25,86.09144444,
MET5-CUMV4E_A_KCPKJ.15,86.86355556,
MET2-CUMV1E_A_KCSCS.25,86.42111111,
MET5-CUMV4E_A_KCQQG.02,87.35222222,
MET3-CUMV2E_A_KARFJ.05,86.39688889,
MET5-CUMV4E_A_KCPKK.15,86.72855556,
MET4-CUMV3E_A_KCGNF.15,85.64188889,
MET3-CUMV2E_A_KCTLS.12,87.43755556,
MET5-CUMV4E_A_KCPKQ.02,87.05755556,
MET3-CUMV2E_A_KCFFT.23,87.69977778,
MET5-CUMV4E_A_KCLGC.15,87.02011111,
MET3-CUMV2E_A_KFKFG.08,86.41777778,
MET2-CUMV1E_A_KFHRK.08,86.97088889,
MET2-CUMV1E_A_KCWJF.12,86.07311111,
MET5-CUMV4E_A_KFCSG.02,86.95766667,
MET4-CUMV3E_A_KCYTQ.08,86.64111111,
MET3-CUMV2E_A_KFGYR.02,85.64611111,
MET3-CUMV2E_A_KCRKQ.08,86.85966667,
MET4-CUMV3E_A_KFCSC.08,86.84688889,
MET2-CUMV1E_A_KALGR.02,85.81933333,
MET5-CUMV4E_A_KANTA.15,86.073,
MET3-CUMV2E_A_KCRKQ.09,86.80777778,
MET4-CUMV3E_A_KFHAC.15,85.87166667,
MET5-CUMV4E_A_KCYFF.02,86.41566667,
MET3-CUMV2E_A_KARFF.15,86.38644444,
MET3-CUMV2E_A_KCHGM.15,86.27133333,
MET2-CUMV1E_A_KAQCA.15,86.28111111,
MET5-CUMV4E_A_KCQQA.02,86.882,
MET5-CUMV4E_A_KCMNW.08,87.37333333,
MET3-CUMV2E_A_KFGYR.15,85.70477778,
MET5-CUMV4E_A_KAYPL.14,86.58566667,
MET2-CUMV1E_A_KCTHF.15,86.69233333,
MET4-CUMV3E_A_KFCSL.25,86.24122222,
MET2-CUMV1E_A_KCYTS.08,86.521,
MET4-CUMV3E_A_KCPNR.02,87.02133333,
MET4-CUMV3E_A_KCWTY.15,87.14744444,
MET3-CUMV2E_A_KCHGP.02,86.30933333,
MET2-CUMV1E_A_KAKCY.25,86.14433333,
MET2-CUMV1E_A_KFKFK.02,86.75244444,
MET3-CUMV2E_A_KARFH.15,86.76977778,
MET3-CUMV2E_A_KAPAR.08,86.262,
MET3-CUMV2E_A_KAWTS.03,87.03822222,
MET4-CUMV3E_A_KCRTF.15,87.16222222,
MET5-CUMV4E_A_KAQWJ.02,85.32577778,
MET5-CUMV4E_A_KCWAG.02,86.49011111,
MET2-CUMV1E_A_KCTTC.23,86.27811111,
MET3-CUMV2E_A_KCPAL.25,87.02333333,
MET3-CUMV2E_A_KARFJ.15,86.25011111,
MET3-CUMV2E_A_KAJMF.05,85.67966667,
MET5-CUMV4E_A_KARWT.08,86.09711111,
MET3-CUMV2E_A_KASHW.02,86.38566667,
MET2-CUMV1E_A_KCQPY.07,86.95155556,
MET4-CUMV3E_A_KCWGP.15,85.58388889,
MET3-CUMV2E_A_KARRK.25,86.27355556,
MET5-CUMV4E_A_KCSCS.25,87.13433333,
MET4-CUMV3E_A_KAJQJ.25,86.047,
MET4-CUMV3E_A_KCQMF.02,87.01988889,
MET3-CUMV2E_A_KFJYJ.25,86.95811111,
MET3-CUMV2E_A_KFJYG.02,86.90688889,
MET5-CUMV4E_A_KCQTS.08,87.687,
MET5-CUMV4E_A_KAPLR.15,85.836,
MET3-CUMV2E_A_KASFF.18,87.17866667,
MET4-CUMV3E_A_KCSCT.02,87.22966667,
MET2-CUMV1E_A_KCPAN.08,86.69644444,
MET2-CUMV1E_A_KCWAA.02,85.758,
MET2-CUMV1E_A_KCHKL.25,86.13255556,
MET3-CUMV2E_A_KCQSQ.11,86.82288889,
MET2-CUMV1E_A_KCWGW.02,86.68955556,
MET4-CUMV3E_A_KCLTC.05,87.20855556,
MET2-CUMV1E_A_KAKSH.02,86.47411111,
MET5-CUMV4E_A_KCYJQ.15,86.85822222,
MET3-CUMV2E_A_KAPAR.02,86.22166667,
MET5-CUMV4E_A_KFFJM.02,86.12544444,
MET4-CUMV3E_A_KAJQJ.08,86.22977778,
MET5-CUMV4E_A_KARWT.02,86.05588889,
MET2-CUMV1E_A_KFHRK.02,86.87333333,
MET5-CUMV4E_A_KALFL.05,88.40455556,
MET4-CUMV3E_A_KAWKY.02,86.82844444,
MET3-CUMV2E_A_KCYHS.15,86.87066667,
MET4-CUMV3E_A_KCQMJ.02,86.972,
MET5-CUMV4E_A_KFCPL.25,86.65888889,
MET2-CUMV1E_A_KCTKA.02,86.75955556,
MET4-CUMV3E_A_KCPRP.02,87.2,
MET4-CUMV3E_A_KCPRP.25,87.17844444,
MET2-CUMV1E_A_KARFC.22,86.55688889,
MET5-CUMV4E_A_KAYLK.02,87.93077778,
MET4-CUMV3E_A_KCCCN.02,87.14955556,
MET2-CUMV1E_A_KFAMA.02,87.73655556,
MET2-CUMV1E_A_KCJMN.02,86.52877778,
MET3-CUMV2E_A_KCQWK.08,86.10511111,
MET5-CUMV4E_A_KALGS.07,86.261,
MET2-CUMV1E_A_KFAMA.25,86.90577778,
MET4-CUMV3E_A_KAWHH.25,85.753,
MET2-CUMV1E_A_KCHTN.25,86.43155556,
MET3-CUMV2E_A_KCCRL.15,87.018,
MET2-CUMV1E_A_KFJAM.15,86.72888889,
MET2-CUMV1E_A_KAQML.08,85.90333333,
MET3-CUMV2E_A_KAJMF.15,85.68488889,
MET4-CUMV3E_A_KFKGP.08,85.983,
MET3-CUMV2E_A_KCTKA.08,87.05011111,
MET5-CUMV4E_A_KCQSW.15,86.18366667,
MET4-CUMV3E_A_KFKGY.25,85.73911111,
MET4-CUMV3E_A_KCAFT.15,85.721,
MET5-CUMV4E_A_KCCRN.08,87.54122222,
MET5-CUMV4E_A_KCPKQ.08,87.309,
MET5-CUMV4E_A_KAPLR.08,85.96311111,
MET3-CUMV2E_A_KARCN.25,86.39477778,
MET5-CUMV4E_A_KWY4F.04,87.00955556,
MET5-CUMV4E_A_KAWTP.25,85.72566667,
MET4-CUMV3E_A_KAYWT.02,85.89033333,
MET2-CUMV1E_A_KCSQY.02,86.24244444,
MET3-CUMV2E_A_KCCJR.25,86.13577778,
MET3-CUMV2E_A_KFCSF.02,86.983,
MET5-CUMV4E_A_KARYJ.02,85.73711111,
MET5-CUMV4E_A_KFKFJ.25,85.72222222,
MET3-CUMV2E_A_KFJYS.08,86.584,
MET4-CUMV3E_A_KFHAQ.07,85.91344444,
MET5-CUMV4E_A_KFCSG.25,86.818,
MET5-CUMV4E_A_KCSRF.02,86.55455556,
MET4-CUMV3E_A_KCWGJ.02,86.49377778,
MET2-CUMV1E_A_KCYTS.23,86.358,
MET4-CUMV3E_A_KFKCY.09,86.46155556,
MET4-CUMV3E_A_KARRA.25,87.32266667,
MET2-CUMV1E_A_KALAL.02,86.33377778,
MET3-CUMV2E_A_KAKNY.08,85.49333333,
MET5-CUMV4E_A_KFAJA.08,86.69477778,
MET5-CUMV4E_A_KFHJF.25,86.06322222,
MET4-CUMV3E_A_KAKKF.25,85.52822222,
MET2-CUMV1E_A_KARFC.16,86.72455556,
MET5-CUMV4E_A_KCPNS.15,87.64366667,
MET4-CUMV3E_A_KASYJ.15,87.18488889,
MET4-CUMV3E_A_KAGWN.02,86.24222222,
MET3-CUMV2E_A_KCYTR.25,85.83866667,
MET3-CUMV2E_A_KFHCH.02,87.11088889,
MET2-CUMV1E_A_KALGR.08,85.94177778,
MET4-CUMV3E_A_KASYJ.25,87.17466667,
MET2-CUMV1E_A_KCPGC.02,86.96211111,
MET2-CUMV1E_A_KCHTN.02,86.89477778,
MET3-CUMV2E_A_KAQAW.08,87.21644444,
MET5-CUMV4E_A_KAQWJ.15,85.60811111,
MET5-CUMV4E_A_KCHTA.15,85.96777778,
MET5-CUMV4E_A_KFHMW.25,86.83733333,
MET5-CUMV4E_A_KCWAH.25,87.43966667,
MET3-CUMV2E_A_KCYTR.08,86.19766667,
MET3-CUMV2E_A_KALGR.15,85.79611111,
MET2-CUMV1E_A_KYT4Q.04,86.44933333,
MET3-CUMV2E_A_KCANA.02,85.77033333,
MET2-CUMV1E_A_KFFFA.25,86.64566667,
MET4-CUMV3E_A_KCWGP.17,85.70833333,
MET4-CUMV3E_A_KAWTT.08,86.37111111,
MET5-CUMV4E_A_KCPKK.08,87.02222222,
MET4-CUMV3E_A_KCPGJ.02,87.21466667,
MET2-CUMV1E_A_KCRTC.14,86.26555556,
MET2-CUMV1E_A_KCSRJ.15,86.33366667,
MET4-CUMV3E_A_KCCCN.25,86.886,
MET4-CUMV3E_A_KCATT.08,86.42644444,
MET2-CUMV1E_A_KCHPL.02,86.64788889,
MET4-CUMV3E_A_KAKKF.08,85.99744444,
MET2-CUMV1E_A_KAPLT.25,85.92466667,
MET2-CUMV1E_A_KCSRR.02,86.23333333,
MET2-CUMV1E_A_KCTPC.17,86.16377778,
MET2-CUMV1E_A_KAQML.15,85.61155556,
MET2-CUMV1E_A_KFHRK.25,86.80466667,
MET4-CUMV3E_A_KCTYQ.01,86.41988889,
MET3-CUMV2E_A_KFLHM.15,86.66633333,
MET5-CUMV4E_A_KCMNW.02,87.11022222,
MET3-CUMV2E_A_KFJYS.25,86.99633333,
MET4-CUMV3E_A_KFCSC.02,86.80344444,
MET4-CUMV3E_A_KFHAQ.12,85.458,
MET4-CUMV3E_A_KCWGJ.08,86.43977778,
MET4-CUMV3E_A_KCQJG.23,87.52155556,
MET4-CUMV3E_A_KAYPL.21,85.55833333,
MET5-CUMV4E_A_KAYQT.08,85.74288889,
MET3-CUMV2E_A_KALGR.25,85.48944444,
MET3-CUMV2E_A_KAKNY.02,85.48322222,
MET3-CUMV2E_A_KCGKA.02,86.465,
MET4-CUMV3E_A_KFAMG.08,87.11611111,
MET4-CUMV3E_A_KFKHC.15,85.943,
MET5-CUMV4E_A_KCSJN.02,87.45344444,
MET2-CUMV1E_A_KAQML.25,85.95111111,
MET5-CUMV4E_A_KCSJT.04,86.37455556,
MET3-CUMV2E_A_KAQQW.08,86.37066667,
MET4-CUMV3E_A_KCPGJ.15,87.07433333,
MET5-CUMV4E_A_KANTA.25,86.01966667,
MET3-CUMV2E_A_KCSFC.15,87.57022222,
MET2-CUMV1E_A_KARMY.08,86.95733333,
MET2-CUMV1E_A_KAYPR.15,87.35644444,
MET4-CUMV3E_A_KCRPR.25,87.161,
MET2-CUMV1E_A_KARFC.20,86.43111111,
MET3-CUMV2E_A_KCTLS.11,87.22111111,
MET3-CUMV2E_A_KAQQQ.17,86.037,
MET2-CUMV1E_A_KFLMF.15,86.98533333,
MET5-CUMV4E_A_KAJTM.02,86.17344444,
MET2-CUMV1E_A_KAKCY.15,86.28155556,
MET3-CUMV2E_A_KFKFG.02,86.27455556,
MET4-CUMV3E_A_KFHAS.15,85.72355556,
MET4-CUMV3E_A_KFHAQ.17,85.87588889,
MET2-CUMV1E_A_KALHG.25,86.04811111,
MET5-CUMV4E_A_KARCT.02,85.80933333,
MET4-CUMV3E_A_KCSCT.25,87.29877778,
MET2-CUMV1E_A_KSTCH.08,86.48144444,
MET3-CUMV2E_A_KFAFL.02,86.53922222,
MET5-CUMV4E_A_KASRM.23,87.43266667,
MET5-CUMV4E_A_KASRM.08,87.10333333,
MET5-CUMV4E_A_KCYSY.02,86.62544444,
MET2-CUMV1E_A_KCACY.02,87.34822222,
MET4-CUMV3E_A_KFGYR.02,86.09144444,
MET3-CUMV2E_A_KCQWK.25,85.93655556,
MET4-CUMV3E_A_KFHML.15,86.87811111,
MET2-CUMV1E_A_KFCPC.15,86.50622222,
MET3-CUMV2E_A_KARNF.25,86.48122222,
MET2-CUMV1E_A_KALGG.11,85.904,
MET5-CUMV4E_A_KCPKR.08,87.211,
MET5-CUMV4E_A_KAKSN.02,85.83844444,
MET2-CUMV1E_A_KCYTS.19,86.32144444,
MET3-CUMV2E_A_KARFF.08,86.47077778,
MET4-CUMV3E_A_KCNCL.02,87.13433333,
MET5-CUMV4E_A_KFKMS.15,86.25611111,
MET4-CUMV3E_A_KFKAJ.08,87.18188889,
MET3-CUMV2E_A_KCYTR.15,85.92966667,
MET3-CUMV2E_A_KAQRA.01,86.41255556,
MET3-CUMV2E_A_KFKFG.25,86.34177778,
MET4-CUMV3E_A_KAPLW.08,85.84566667,
MET4-CUMV3E_A_KFKFJ.25,86.01655556,
MET4-CUMV3E_A_KFHML.02,86.90811111,
MET3-CUMV2E_A_KCPKH.25,86.76688889,
MET3-CUMV2E_A_KCPKH.02,86.66788889,
MET2-CUMV1E_A_KCWGW.15,86.36888889,
MET3-CUMV2E_A_KFAFC.15,87.13511111,
MET2-CUMV1E_A_KCNSH.08,86.07944444,
MET5-CUMV4E_A_KCATN.15,87.91288889,
MET5-CUMV4E_A_KARYJ.25,85.73033333,
MET4-CUMV3E_A_KCSJH.25,87.01611111,
MET4-CUMV3E_A_KFKHC.25,85.92566667,
MET5-CUMV4E_A_KCSQT.02,87.18788889,
MET5-CUMV4E_A_KAWHA.02,85.95266667,
MET3-CUMV2E_A_KCHGM.25,86.52677778,
MET3-CUMV2E_A_KARNF.02,86.59444444,
MET3-CUMV2E_A_KFJYG.08,86.78366667,
MET5-CUMV4E_A_KFCPL.02,86.81411111,
MET2-CUMV1E_A_KFKCY.08,86.89088889,
MET5-CUMV4E_A_KAYPL.21,86.25366667,
MET3-CUMV2E_A_KCYTG.25,86.30177778,
MET2-CUMV1E_A_KCHKL.15,86.22266667,
MET3-CUMV2E_A_KCFRC.17,87.26566667,
MET5-CUMV4E_A_KCQCH.15,86.86444444,
MET4-CUMV3E_A_KCQJG.24,87.01777778,
MET2-CUMV1E_A_KCPYC.04,85.73588889,
MET4-CUMV3E_A_KAMAM.15,86.52244444,
MET2-CUMV1E_A_KCQPY.15,86.91077778,
MET3-CUMV2E_A_KAWTS.17,86.44,
MET4-CUMV3E_A_KAWKY.15,86.88733333,
MET5-CUMV4E_A_KCPKJ.08,86.86922222,
MET3-CUMV2E_A_KCSFC.16,87.49766667,
MET4-CUMV3E_A_KCQMJ.08,87.00588889,
MET3-CUMV2E_A_KAWTS.04,86.966,
MET4-CUMV3E_A_KAGMH.12,86.14077778,
MET5-CUMV4E_A_KAFHH.08,85.40477778,
MET3-CUMV2E_A_KCJAR.02,86.65222222,
MET4-CUMV3E_A_KFKGQ.08,86.08566667,
MET2-CUMV1E_A_KCTHF.25,86.50133333,
MET5-CUMV4E_A_KARYJ.08,85.49511111,
MET2-CUMV1E_A_KARRQ.20,86.30177778,
MET3-CUMV2E_A_KAWLA.02,87.57033333,
MET5-CUMV4E_A_KALPP.08,85.90444444,
MET3-CUMV2E_A_KCHGP.25,86.28011111,
MET5-CUMV4E_A_KFHMW.08,86.70044444,
MET5-CUMV4E_A_KCHRP.03,86.71922222,
MET3-CUMV2E_A_KCTKA.02,87.21122222,
MET3-CUMV2E_A_KARFF.02,86.39611111,
MET5-CUMV4E_A_KARCT.15,85.57211111,
MET2-CUMV1E_A_KCPYC.03,85.92122222,
MET2-CUMV1E_A_KCNNN.25,86.31722222,
MET5-CUMV4E_A_KCQMA.15,86.9,
MET2-CUMV1E_A_KFALW.15,86.217,
MET2-CUMV1E_A_KCPAN.25,86.43088889,
MET5-CUMV4E_A_KAFHH.02,85.60111111,
MET5-CUMV4E_A_KCMJT.08,86.73188889,
MET5-CUMV4E_A_KCWAG.15,86.59566667,
MET5-CUMV4E_A_KCLKY.15,87.12733333,
MET4-CUMV3E_A_KCTHA.08,86.92377778,
MET4-CUMV3E_A_KANKQ.11,85.89111111,
MET2-CUMV1E_A_KCTAA.04,86.689,
MET5-CUMV4E_A_KCYFF.15,86.48255556,
MET3-CUMV2E_A_KCRCG.25,86.647,
MET2-CUMV1E_A_KFCLM.08,86.57444444,
MET2-CUMV1E_A_KAKSH.15,86.06488889,
MET4-CUMV3E_A_KCRHC.07,87.07544444,
MET4-CUMV3E_A_KCHGF.02,86.30955556,
MET3-CUMV2E_A_KAKYS.15,86.19166667,
MET2-CUMV1E_A_KAYPR.02,87.08455556,
MET3-CUMV2E_A_KCRCG.02,86.80588889,
MET4-CUMV3E_A_KAJQJ.02,86.15355556,
MET4-CUMV3E_A_KAWTT.15,86.44911111,
MET4-CUMV3E_A_KCNYW.25,87.27733333,
MET2-CUMV1E_A_KCRAR.25,86.769,
MET5-CUMV4E_A_KAWHA.15,85.97011111,
MET3-CUMV2E_A_KFKFJ.25,86.70566667,
MET5-CUMV4E_A_KCQQG.15,87.92855556,
MET3-CUMV2E_A_KFAFC.25,87.46655556,
MET2-CUMV1E_A_KALGG.02,86.02511111,
MET2-CUMV1E_A_KCPGC.11,86.50733333,
MET2-CUMV1E_A_KCHKY.15,86.21322222,
MET4-CUMV3E_A_KANKQ.09,86.06333333,
MET2-CUMV1E_A_KCTPC.25,86.15811111,
MET2-CUMV1E_A_KCSRR.08,86.329,
MET3-CUMV2E_A_KAHSC.01,86.58111111,
MET4-CUMV3E_A_KCNNT.15,86.88644444,
MET4-CUMV3E_A_KFHML.08,86.947,
MET4-CUMV3E_A_KARRA.08,87.15866667,
MET5-CUMV4E_A_KAKCS.15,85.65333333,
MET5-CUMV4E_A_KFJWP.15,87.08933333,
MET5-CUMV4E_A_KCQSW.25,86.30311111,
MET5-CUMV4E_A_KCWCH.08,86.91055556,
MET2-CUMV1E_A_KCHPL.15,86.33533333,
MET3-CUMV2E_A_KAPHG.02,85.91533333,
MET2-CUMV1E_A_KCTYJ.08,86.791,
MET5-CUMV4E_A_KCLKY.25,87.347,
MET5-CUMV4E_A_KFHMW.15,86.84455556,
MET2-CUMV1E_A_KCRAR.15,86.50366667,
MET4-CUMV3E_A_KCCRP.02,87.23644444,
MET3-CUMV2E_A_KCRCG.15,86.67055556,
MET4-CUMV3E_A_KAMYL.08,86.35833333,
MET3-CUMV2E_A_KALGK.25,86.17122222,
MET2-CUMV1E_A_KFJAM.08,86.41633333,
MET4-CUMV3E_A_KFKGY.02,85.57277778,
MET3-CUMV2E_A_KCHGM.02,86.18922222,
MET2-CUMV1E_A_KCHKY.08,86.25033333,
MET2-CUMV1E_A_KCHPL.08,86.37411111,
MET2-CUMV1E_A_KCQHY.06,86.18666667,
MET3-CUMV2E_A_KCYHS.25,86.93411111,
MET5-CUMV4E_A_KCWTY.02,86.76811111,
MET5-CUMV4E_A_KCLGC.25,86.87922222,
MET5-CUMV4E_A_KCQTK.15,87.27255556,
MET3-CUMV2E_A_KCJAR.08,86.32855556,
MET2-CUMV1E_A_KFKFK.15,86.32833333,
MET2-CUMV1E_A_KCQSQ.10,86.47477778,
MET5-CUMV4E_A_KCWAH.02,87.67066667,
MET4-CUMV3E_A_KAMYL.15,86.36644444,
MET3-CUMV2E_A_KCMJT.08,86.64866667,
MET5-CUMV4E_A_KCYFF.25,86.763,
MET5-CUMV4E_A_KCPNS.02,87.97355556,
MET3-CUMV2E_A_KAWMF.02,86.10788889,
MET2-CUMV1E_A_KFALW.08,86.03833333,
MET3-CUMV2E_A_KFHMS.15,86.81677778,
MET3-CUMV2E_A_KASHW.15,86.71111111,
MET5-CUMV4E_A_KARYJ.15,85.29822222,
MET5-CUMV4E_A_KCTYJ.15,86.97222222,
MET4-CUMV3E_A_KCWAS.08,87.18033333,
MET2-CUMV1E_A_KCHKY.25,86.12122222,
MET4-CUMV3E_A_KCSYW.25,86.76833333,
MET2-CUMV1E_A_KCPSL.25,86.25044444,
MET3-CUMV2E_A_KCLFR.17,86.83,
MET4-CUMV3E_A_KATLG.15,85.87111111,
MET2-CUMV1E_A_KAQML.02,86.04077778,
MET2-CUMV1E_A_KCKGM.02,87.207,
MET5-CUMV4E_A_KAYQT.15,85.63833333,
MET3-CUMV2E_A_KAQQW.15,86.44788889,
MET4-CUMV3E_A_KAWHH.02,85.88722222,
MET5-CUMV4E_A_KCMCL.09,87.43122222,
MET4-CUMV3E_A_KAPLW.15,86.03755556,
MET3-CUMV2E_A_KCAMG.02,86.01822222,
MET4-CUMV3E_A_KCWGP.02,85.90366667,
MET5-CUMV4E_A_KCNNR.08,87.60655556,
MET3-CUMV2E_A_KCAMG.08,85.90711111,
MET2-CUMV1E_A_KCSRJ.25,86.56022222,
MET3-CUMV2E_A_KALGK.02,86.133,
MET5-CUMV4E_A_KCWTY.15,86.55544444,
MET4-CUMV3E_A_KFGYR.15,86.04866667,
MET2-CUMV1E_A_KCYTS.02,86.00777778,
MET4-CUMV3E_A_KCMJR.15,86.42444444,
MET4-CUMV3E_A_KFKGQ.02,85.99911111,
MET4-CUMV3E_A_KCWAS.02,87.08433333,
MET5-CUMV4E_A_KCTYJ.25,87.67322222,
MET5-CUMV4E_A_KAJTM.15,85.54022222,
MET3-CUMV2E_A_KCHGP.08,86.561,
MET2-CUMV1E_A_KCQPY.25,86.55366667,
MET2-CUMV1E_A_KALHG.02,85.97588889,
MET2-CUMV1E_A_KCQHY.05,86.69611111,
MET5-CUMV4E_A_KCCRF.02,87.53911111,
MET2-CUMV1E_A_KCWAA.08,85.93733333,
MET4-CUMV3E_A_KCNNP.15,86.81611111,
MET2-CUMV1E_A_KCPSL.14,86.36544444,
MET3-CUMV2E_A_KCAMG.25,85.93877778,
MET2-CUMV1E_A_KCTAA.03,86.216,
MET2-CUMV1E_A_KCQSQ.06,87.33744444,
MET4-CUMV3E_A_KARJK.08,86.15322222,
MET4-CUMV3E_A_KFGYR.25,85.91155556,
MET3-CUMV2E_A_KAWLA.25,87.74855556,
MET3-CUMV2E_A_KAWLA.08,87.70066667,
MET5-CUMV4E_A_KCPRW.25,87.18411111,
MET2-CUMV1E_A_KFCPC.02,86.61488889,
MET4-CUMV3E_A_KCPSC.19,86.67644444,
MET3-CUMV2E_A_KASFJ.02,86.47788889,
MET3-CUMV2E_A_KCTHC.09,87.161,
MET3-CUMV2E_A_KCTHC.16,87.36655556,
MET3-CUMV2E_A_KCTKA.15,87.07555556,
MET5-CUMV4E_A_KCPRW.08,87.15333333,
MET4-CUMV3E_A_KAYPL.17,85.94388889,
MET5-CUMV4E_A_KFKFJ.08,85.91344444,
MET5-CUMV4E_A_KAYPL.17,86.23266667,
MET5-CUMV4E_A_KCNNS.02,87.07166667,
MET3-CUMV2E_A_KASFF.20,86.58944444,
MET2-CUMV1E_A_KCJMN.25,86.41555556,
MET5-CUMV4E_A_KCQMA.02,86.56044444,
MET2-CUMV1E_A_KCJMN.08,86.41933333,
MET2-CUMV1E_A_KASFF.25,86.03666667,
MET5-CUMV4E_A_KCNNS.08,87.45722222,
MET2-CUMV1E_A_KCYPR.08,85.88033333,
MET2-CUMV1E_A_KFLMF.08,87.38322222,
MET2-CUMV1E_A_KCSCS.08,86.382,
MET4-CUMV3E_A_KCMJR.08,86.72911111,
MET4-CUMV3E_A_KCQMF.08,86.63266667,
MET4-CUMV3E_A_KCRTF.25,87.09922222,
MET5-CUMV4E_A_KFCSG.08,86.74477778,
MET3-CUMV2E_A_KCQSQ.02,86.95533333,
MET4-CUMV3E_A_KFHMT.25,85.841,
MET3-CUMV2E_A_KARFH.08,86.71511111,
MET5-CUMV4E_A_KCTPF.15,87.24966667,
MET2-CUMV1E_A_KFFFA.02,86.72811111,
MET2-CUMV1E_A_KAMRS.02,86.31866667,
MET4-CUMV3E_A_KCRKM.12,87.47966667,
MET3-CUMV2E_A_KCJAR.15,86.42866667,
MET3-CUMV2E_A_KFHCH.16,86.824,
MET5-CUMV4E_A_KFHJF.15,85.63588889,
MET2-CUMV1E_A_KCNNN.08,86.19066667,
MET5-CUMV4E_A_KCQQA.08,86.82044444,
MET4-CUMV3E_A_KCNNP.08,86.63555556,
MET4-CUMV3E_A_KCSYW.15,86.32,
MET4-CUMV3E_A_KCCRK.25,87.05988889,
MET4-CUMV3E_A_KCTYQ.22,86.86033333,
MET3-CUMV2E_A_KCSML.08,87.32355556,
MET4-CUMV3E_A_KAMAM.02,86.65311111,
MET2-CUMV1E_A_KCYPR.15,86.25577778,
MET4-CUMV3E_A_KCHSK.02,86.70622222,
MET5-CUMV4E_A_KFHJF.08,85.64111111,
MET5-CUMV4E_A_KCNNS.25,87.61177778,
MET2-CUMV1E_A_KCWAA.15,85.89922222,
MET3-CUMV2E_A_KARCN.15,86.36777778,
MET5-CUMV4E_A_KCHTA.06,86.07355556,
MET2-CUMV1E_A_KCSCS.02,86.50655556,
MET4-CUMV3E_A_KFHAC.25,85.85733333,
MET3-CUMV2E_A_KARRK.02,86.24777778,
MET5-CUMV4E_A_KCQTK.02,87.07866667,
MET5-CUMV4E_A_KCWTY.08,86.90077778,
MET2-CUMV1E_A_KCSRR.15,86.11555556,
MET2-CUMV1E_A_KCRAR.08,86.85366667,
MET4-CUMV3E_A_KAYLQ.11,86.05788889,
MET3-CUMV2E_A_KASFJ.25,86.348,
MET4-CUMV3E_A_KFKNR.15,86.923,
MET4-CUMV3E_A_KAMAM.25,86.32044444,
MET4-CUMV3E_A_KFKGP.15,85.94844444,
MET5-CUMV4E_A_KAPPY.08,85.91111111,
MET5-CUMV4E_A_KCPKJ.02,86.80344444,
MET3-CUMV2E_A_KCTPN.25,86.67366667,
MET5-CUMV4E_A_KWY4F.05,86.88933333,
MET2-CUMV1E_A_KFJAM.25,86.822,
MET2-CUMV1E_A_KALFL.16,85.86122222,
MET4-CUMV3E_A_KFHMT.08,85.65122222,
MET2-CUMV1E_A_KCRTC.01,86.297,
MET5-CUMV4E_A_KCQQG.05,88.79733333,
MET4-CUMV3E_A_KCSJH.15,86.94688889,
MET4-CUMV3E_A_KFKMT.25,86.53666667,
MET2-CUMV1E_A_KCYPR.25,85.83688889,
MET4-CUMV3E_A_KATKW.06,85.88666667,
MET2-CUMV1E_A_KARFC.06,86.47111111,
MET5-CUMV4E_A_KAKKH.25,85.80822222,
MET4-CUMV3E_A_KARJS.25,85.79122222,
MET2-CUMV1E_A_KFHAF.08,86.50588889,
MET4-CUMV3E_A_KASYJ.02,86.91833333,
MET5-CUMV4E_A_KFCWR.15,86.34933333,
MET5-CUMV4E_A_KCWGH.04,87.30966667,
MET2-CUMV1E_A_KALHG.15,85.86788889,
MET3-CUMV2E_A_KCLFR.16,87.53322222,
MET5-CUMV4E_A_KCSRF.08,86.73577778,
MET3-CUMV2E_A_KCTKA.25,87.25344444,
MET4-CUMV3E_A_KCQTC.06,86.066,
MET2-CUMV1E_A_KFLWC.08,87.05222222,
MET3-CUMV2E_A_KCYJY.08,86.52922222,
MET2-CUMV1E_A_KFLWC.02,87.25422222,
MET3-CUMV2E_A_KFHMJ.15,87.05611111,
MET3-CUMV2E_A_KCPAL.02,86.60066667,
MET5-CUMV4E_A_KCCRN.15,87.17766667,
MET2-CUMV1E_A_KCYTS.16,86.48822222,
MET5-CUMV4E_A_KCWGH.02,87.36677778,
MET4-CUMV3E_A_KCWTY.14,87.11744444,
MET5-CUMV4E_A_KCSQT.25,87.95566667,
MET5-CUMV4E_A_KFKFH.02,86.663,
MET5-CUMV4E_A_KFFCQ.15,87.045,
MET3-CUMV2E_A_KCHGP.15,86.24511111,
MET3-CUMV2E_A_KAHSC.18,86.612,
MET2-CUMV1E_A_KCACY.08,87.127,
MET2-CUMV1E_A_KCSQY.08,86.71955556,
MET2-CUMV1E_A_KCSJJ.15,86.63244444,
MET3-CUMV2E_A_KCYJY.02,86.82855556,
MET5-CUMV4E_A_KYR4L.02,85.90411111,
MET2-CUMV1E_A_KASJR.02,86.13533333,
MET5-CUMV4E_A_KCHRP.25,86.75711111,
MET5-CUMV4E_A_KFKAF.25,87.076,
MET4-CUMV3E_A_KCRHC.22,87.60288889,
MET5-CUMV4E_A_KFCWR.25,86.40511111,
MET4-CUMV3E_A_KCAFT.02,85.87588889,
MET4-CUMV3E_A_KAYWT.08,86.11677778,
MET3-CUMV2E_A_KFJYJ.08,87.13988889,
MET4-CUMV3E_A_KFHAS.08,85.86866667,
MET2-CUMV1E_A_KAPTT.09,86.69322222,
MET3-CUMV2E_A_KAHSC.09,86.64022222,
MET5-CUMV4E_A_KCSCS.11,87.02633333,
MET5-CUMV4E_A_KCPKR.02,86.84733333,
MET5-CUMV4E_A_KARWT.15,85.68777778,
MET4-CUMV3E_A_KAJTS.08,86.11711111,
MET3-CUMV2E_A_KCCRL.02,86.81555556,
MET5-CUMV4E_A_KAYLK.25,87.94166667,
MET4-CUMV3E_A_KCCRK.08,87.40888889,
MET4-CUMV3E_A_KCPNR.15,86.80911111,
MET3-CUMV2E_A_KAMCC.10,86.19066667,
MET5-CUMV4E_A_KFFCQ.08,87.04266667,
MET5-CUMV4E_A_KCQTK.25,87.21233333,
MET5-CUMV4E_A_KFFCQ.25,86.98544444,
MET5-CUMV4E_A_KAKSN.08,85.85822222,
MET2-CUMV1E_A_KCRAR.02,86.84677778,
MET2-CUMV1E_A_KCPAN.02,86.57122222,
MET4-CUMV3E_A_KCAFT.25,85.74333333,
MET2-CUMV1E_A_KALFL.08,85.73844444,
MET5-CUMV4E_A_KCQCH.25,86.71077778,
MET3-CUMV2E_A_KCGKA.25,86.25,
MET2-CUMV1E_A_KCRTC.23,86.55888889,
MET2-CUMV1E_A_KFCPC.08,86.72588889,
MET5-CUMV4E_A_KYR4L.25,85.36888889,
MET4-CUMV3E_A_KFKFJ.02,86.11477778,
MET5-CUMV4E_A_KALGS.06,86.33833333,
MET4-CUMV3E_A_KCGNF.08,85.82355556,
MET3-CUMV2E_A_KFJYS.02,86.89133333,
MET5-CUMV4E_A_KCATN.08,87.89555556,
MET2-CUMV1E_A_KCSRJ.08,86.31744444,
MET2-CUMV1E_A_KFAMA.08,87.01355556,
MET5-CUMV4E_A_KFCSG.15,86.71366667,
MET5-CUMV4E_A_KCSRF.25,87.47422222,
MET2-CUMV1E_A_KASJR.15,86.30833333,
MET4-CUMV3E_A_KCNNP.02,86.72477778,
MET4-CUMV3E_A_KCCCN.15,86.99566667,
MET5-CUMV4E_A_KCWGH.01,87.01166667,
MET5-CUMV4E_A_KFAJA.15,86.72533333,
MET4-CUMV3E_A_KFKNR.02,86.84711111,
MET3-CUMV2E_A_KFCLF.21,87.08044444,
MET4-CUMV3E_A_KCRPR.08,86.97055556,
MET5-CUMV4E_A_KALFL.08,87.50455556,
MET5-CUMV4E_A_KCWCH.25,87.20522222,
MET4-CUMV3E_A_KFHAC.08,85.93355556,
MET2-CUMV1E_A_KAKSH.08,86.29033333,
MET5-CUMV4E_A_KCHTA.25,85.90366667,
MET2-CUMV1E_A_KFLMF.25,87.01755556,
MET3-CUMV2E_A_KAQQQ.20,85.87055556,
MET5-CUMV4E_A_KFKAF.08,87.08022222,
MET2-CUMV1E_A_KASFF.08,86.12455556,
MET4-CUMV3E_A_KAMCH.08,86.06288889,
MET4-CUMV3E_A_KAGMH.23,85.86144444,
MET2-CUMV1E_A_KAWTC.15,86.82,
MET5-CUMV4E_A_KCWTY.23,86.62722222,
MET4-CUMV3E_A_KCWGJ.15,86.55055556,
MET5-CUMV4E_A_KCPKR.15,86.99466667,
MET5-CUMV4E_A_KAYQT.25,85.49244444,
MET5-CUMV4E_A_KCQMA.25,87.21233333,
MET3-CUMV2E_A_KALGK.15,85.99566667,
MET2-CUMV1E_A_KAWTC.22,86.98011111,
MET3-CUMV2E_A_KCPNA.25,86.88977778,
MET3-CUMV2E_A_KCJAR.25,86.56311111,
MET2-CUMV1E_A_KCPAN.15,86.71344444,
MET3-CUMV2E_A_KCQWK.15,85.98133333,
MET4-CUMV3E_A_KCRKM.15,87.26977778,
MET2-CUMV1E_A_KFCLM.25,86.658,
MET3-CUMV2E_A_KCQMJ.25,87.42455556,
MET5-CUMV4E_A_KCNNR.15,87.30255556,
MET2-CUMV1E_A_KCTPC.03,86.24477778,
MET4-CUMV3E_A_KCHGF.25,86.10055556,
MET4-CUMV3E_A_KAYAY.02,86.95533333,
MET3-CUMV2E_A_KCRCG.08,86.83044444,
MET5-CUMV4E_A_KCSQT.08,87.44133333,
MET3-CUMV2E_A_KAWTS.05,86.76566667,
MET2-CUMV1E_A_KCWGT.25,86.32911111,
MET4-CUMV3E_A_KCNCL.25,86.69111111,
MET3-CUMV2E_A_KCQMJ.15,87.386,
MET2-CUMV1E_A_KAPLT.02,86.16522222,
MET2-CUMV1E_A_KFKFK.25,86.37477778,
MET2-CUMV1E_A_KAYPR.08,87.01055556,
MET4-CUMV3E_A_KAMAM.08,86.538,
MET4-CUMV3E_A_KFAHN.15,86.99222222,
MET5-CUMV4E_A_KCAMJ.22,86.14588889,
MET4-CUMV3E_A_KCQMF.25,86.97033333,
MET4-CUMV3E_A_KFHAQ.01,85.80211111,
MET2-CUMV1E_A_KARMY.05,87.24644444,
MET4-CUMV3E_A_KCQMJ.25,86.97744444,
MET4-CUMV3E_A_KCPRP.15,86.90122222,
MET5-CUMV4E_A_KCTPF.25,87.29866667,
MET2-CUMV1E_A_KCTKA.08,86.77877778,
MET3-CUMV2E_A_KCQSW.08,85.83166667,
MET3-CUMV2E_A_KFAFC.08,87.25066667,
MET2-CUMV1E_A_KCYTG.15,86.70944444,
MET5-CUMV4E_A_KCCRF.15,86.94544444,
MET5-CUMV4E_A_KCYFF.08,86.47811111,
MET5-CUMV4E_A_KFKMS.25,86.24344444,
MET2-CUMV1E_A_KFLWC.15,86.87744444,
MET2-CUMV1E_A_KFAMA.15,86.96033333,
MET3-CUMV2E_A_KALGR.08,85.94533333,
MET5-CUMV4E_A_KFGTM.23,87.59666667,
MET4-CUMV3E_A_KAYWT.15,85.68644444,
MET5-CUMV4E_A_KAWTP.15,85.82877778,
MET2-CUMV1E_A_KALHG.08,86.04277778,
MET3-CUMV2E_A_KCLWQ.25,86.12255556,
MET5-CUMV4E_A_KFKMS.08,86.35644444,
MET3-CUMV2E_A_KFAFC.02,86.97155556,
MET3-CUMV2E_A_KAWTS.13,86.75577778,
MET5-CUMV4E_A_KCPKQ.15,87.14388889,
MET3-CUMV2E_A_KASHW.25,86.76055556,
MET2-CUMV1E_A_KAQCA.25,86.60822222,
MET5-CUMV4E_A_KCJLY.02,86.70166667,
MET4-CUMV3E_A_KAMCH.02,86.06955556,
MET4-CUMV3E_A_KCCRK.02,87.15311111,
MET4-CUMV3E_A_KAGMH.11,86.47622222,
MET5-CUMV4E_A_KCSJN.25,87.21444444,
MET4-CUMV3E_A_KCQTC.25,85.967,
MET5-CUMV4E_A_KALPP.02,85.89533333,
MET4-CUMV3E_A_KARRA.15,87.02177778,
MET2-CUMV1E_A_KASJR.08,86.36233333,
MET4-CUMV3E_A_KCSCT.08,87.14122222,
MET3-CUMV2E_A_KFGYR.25,85.82,
MET2-CUMV1E_A_KAPTT.08,86.68033333,
MET4-CUMV3E_A_KFKMT.02,86.34622222,
MET2-CUMV1E_A_KCPSL.01,86.53488889,
MET5-CUMV4E_A_KCQMA.08,86.527,
MET3-CUMV2E_A_KALGK.08,86.01444444,
MET4-CUMV3E_A_KCTHA.25,86.90388889,
MET3-CUMV2E_A_KCANA.08,86.47255556,
MET4-CUMV3E_A_KAWKY.25,86.97488889,
MET2-CUMV1E_A_KSTCH.25,86.40433333,
MET4-CUMV3E_A_KFKGQ.25,85.85311111,
MET4-CUMV3E_A_KCNNT.25,86.98444444,
MET5-CUMV4E_A_KFCCQ.08,86.68411111,
MET2-CUMV1E_A_KCTLT.08,85.78188889,
MET5-CUMV4E_A_KCWCH.02,87.08588889,
MET5-CUMV4E_A_KFCCQ.02,86.72622222,
MET3-CUMV2E_A_KFCHT.15,86.68833333,
MET4-CUMV3E_A_KAWTT.25,86.581,
MET4-CUMV3E_A_KFHMT.15,85.62222222,
MET2-CUMV1E_A_KCSQY.15,86.53511111,
MET3-CUMV2E_A_KFHMJ.16,87.16466667,
MET2-CUMV1E_A_KCJMN.15,86.41944444,
MET3-CUMV2E_A_KAQRA.04,86.30566667,
MET5-CUMV4E_A_KCSJT.03,86.56877778,
MET4-CUMV3E_A_KFCSL.15,86.31577778,
MET4-CUMV3E_A_KARJS.02,86.39622222,
MET2-CUMV1E_A_KALAL.08,86.83655556,
MET3-CUMV2E_A_KCYTG.02,86.47122222,
MET2-CUMV1E_A_KSTCH.02,86.49533333,
MET4-CUMV3E_A_KCGNF.23,85.55955556,
MET2-CUMV1E_A_KCSYH.25,86.70255556,
MET3-CUMV2E_A_KFKFJ.08,86.91244444,
MET5-CUMV4E_A_KAWHA.08,86.08811111,
MET5-CUMV4E_A_KFFCQ.02,87.03477778,
MET5-CUMV4E_A_KCATN.02,87.37922222,
MET5-CUMV4E_A_KCMNW.15,87.788,
MET3-CUMV2E_A_KAQQQ.01,85.97622222,
MET3-CUMV2E_A_KFCHT.25,86.60488889,
MET2-CUMV1E_A_KAPLT.08,86.03733333,
MET5-CUMV4E_A_KCCRF.08,87.62955556,
MET2-CUMV1E_A_KCTKA.25,86.69188889,
MET4-CUMV3E_A_KAPLW.02,86.00177778,
MET5-CUMV4E_A_KWY4F.06,87.03322222,
MET5-CUMV4E_A_KFJWP.06,87.122,
MET5-CUMV4E_A_KCYSY.08,86.84433333,
MET3-CUMV2E_A_KFCHT.02,87.09544444,
MET4-CUMV3E_A_KFHML.25,86.96466667,
MET4-CUMV3E_A_KAMYL.25,86.34933333,
MET2-CUMV1E_A_KCYTG.08,87.03188889,
MET3-CUMV2E_A_KFLHM.08,86.83877778,
MET3-CUMV2E_A_KCANA.15,86.27933333,
MET3-CUMV2E_A_KAWMF.25,86.18144444,
MET4-CUMV3E_A_KCCRP.01,87.33377778,
MET3-CUMV2E_A_KFJYG.25,86.71255556,
MET2-CUMV1E_A_KCJAN.15,86.86011111,
MET2-CUMV1E_A_KCHTN.08,86.54744444,
MET3-CUMV2E_A_KAPAR.25,85.996,
MET5-CUMV4E_A_KCPNS.25,87.823,
MET5-CUMV4E_A_KFKFH.15,86.29044444,
MET2-CUMV1E_A_KFFFA.08,86.60133333,
MET2-CUMV1E_A_KCRPL.25,86.63755556,
MET3-CUMV2E_A_KAKYS.25,86.57266667,
MET3-CUMV2E_A_KCQSQ.03,86.81122222,
MET2-CUMV1E_A_KSTCH.15,86.43088889,
MET4-CUMV3E_A_KAWTT.02,86.31611111,
MET2-CUMV1E_A_KAQCA.14,86.63011111,
MET3-CUMV2E_A_KARFJ.25,86.15466667,
MET3-CUMV2E_A_KCRKQ.18,86.88611111,
MET4-CUMV3E_A_KCLTC.13,87.46111111,
MET3-CUMV2E_A_KCFRC.22,87.15366667,
MET2-CUMV1E_A_KCNSH.15,86.22366667,
MET5-CUMV4E_A_KFKFJ.15,85.58333333,
MET5-CUMV4E_A_KCYSY.15,86.88988889,
MET4-CUMV3E_A_KFKGP.02,85.86366667,
MET4-CUMV3E_A_KCPNR.08,87.01255556,
MET3-CUMV2E_A_KCMJT.15,86.52755556,
MET3-CUMV2E_A_KFKFJ.15,86.94577778,
MET5-CUMV4E_A_KCWAH.15,87.39922222,
MET5-CUMV4E_A_KFKFH.08,86.85333333,
MET5-CUMV4E_A_KCLKY.01,87.28622222,
MET4-CUMV3E_A_KCHSK.05,87.00566667,
MET3-CUMV2E_A_KCLWQ.02,86.35655556,
MET5-CUMV4E_A_KCTPG.02,87.61477778,
MET4-CUMV3E_A_KCPGJ.08,87.27888889,
MET5-CUMV4E_A_KAPLR.02,85.98677778,
MET2-CUMV1E_A_KCTAA.01,86.32266667,
MET4-CUMV3E_A_KFKAJ.02,87.30166667,
MET3-CUMV2E_A_KFJYJ.02,87.20733333,
MET2-CUMV1E_A_KARRQ.06,85.91788889,
MET4-CUMV3E_A_KFHAC.02,85.919,
MET2-CUMV1E_A_KAMRS.15,86.10911111,
MET5-CUMV4E_A_KCTPG.15,87.35688889,
MET5-CUMV4E_A_KALSR.09,85.88677778,
MET2-CUMV1E_A_KAYPR.25,87.38011111,
MET3-CUMV2E_A_KARRK.15,86.32266667,
MET4-CUMV3E_A_KATKW.05,85.99122222,
MET5-CUMV4E_A_KFCCQ.25,86.68266667,
MET3-CUMV2E_A_KAJMF.25,85.61577778,
MET4-CUMV3E_A_KCNYW.02,87.61022222,
MET5-CUMV4E_A_KAKKH.08,85.94766667,
MET5-CUMV4E_A_KCCRN.23,87.39644444,
MET2-CUMV1E_A_KFHAF.25,86.45911111,
MET3-CUMV2E_A_KCFFT.08,87.65544444,
MET3-CUMV2E_A_KFAFL.15,86.31533333,
MET4-CUMV3E_A_KCPWR.08,86.53911111,
MET2-CUMV1E_A_KCWGT.15,86.294,
MET3-CUMV2E_A_KCTPN.08,86.53233333,
MET4-CUMV3E_A_KFAMG.25,86.50366667,
MET4-CUMV3E_A_KCNYW.15,87.73733333,
MET2-CUMV1E_A_KCPGC.08,86.43733333,
MET5-CUMV4E_A_KCQCH.08,86.487,
MET2-CUMV1E_A_KCTYJ.25,86.48344444,
MET4-CUMV3E_A_KARJK.15,86.16522222,
MET5-CUMV4E_A_KCATN.25,87.87244444,
MET4-CUMV3E_A_KCNNT.08,86.856,
MET3-CUMV2E_A_KCGKA.08,86.57066667,
MET5-CUMV4E_A_KASRM.02,86.913,
MET2-CUMV1E_A_KFHRK.15,86.84711111,
MET4-CUMV3E_A_KCRKM.11,87.315,
MET2-CUMV1E_A_KAKSH.25,86.11577778,
MET3-CUMV2E_A_KCFFT.15,87.606,
MET4-CUMV3E_A_KARJK.25,86.02511111,
MET2-CUMV1E_A_KANPG.08,85.65544444,
MET2-CUMV1E_A_KARRQ.11,85.95611111,
MET5-CUMV4E_A_KAYLK.15,87.76433333,
MET4-CUMV3E_A_KARJS.15,86.03755556,
MET3-CUMV2E_A_KCSML.25,87.06033333,
MET2-CUMV1E_A_KAPAP.15,85.94044444,
MET3-CUMV2E_A_KCGKA.15,86.26677778,
MET5-CUMV4E_A_KFGTM.08,87.36877778,
MET5-CUMV4E_A_KCQQA.15,86.98166667,
MET5-CUMV4E_A_KAWHA.25,85.57877778,
MET3-CUMV2E_A_KCCRL.08,87.03544444,
MET4-CUMV3E_A_KCPGJ.25,87.20077778,
MET2-CUMV1E_A_KFHAF.15,86.489,
MET5-CUMV4E_A_KCLGC.02,87.10866667,
